"curve_x","curve_y","curve_z"
-0.0279937789334721,0.0179930561448385,0.0081772098131317
-0.0276543946521037,0.0175767321895915,0.0078885518343749
-0.0273150002463297,0.0171604182745101,0.00759989127901373
-0.0269755863285037,0.0167441237773581,0.00731122566129118
-0.0266361065934329,0.0163278947548102,0.00702254302518892
-0.0262965205520519,0.0159117710881291,0.00673383353714195
-0.0259567543351433,0.0154958251376764,0.00644507995267197
-0.0256167146845654,0.0150801479094357,0.00615626129013199
-0.0252763022758946,0.014664835707733,0.0058673566677947
-0.0249353980948512,0.0142500038220067,0.00557834193753118
-0.024593871300001,0.013835778777222,0.00528919201416829
-0.0242515798858779,0.0134222969185319,0.00499988272283551
-0.0239083747865897,0.0130097007028441,0.00471039178832607
-0.0235640981750106,0.0125981409108902,0.00442069822799447
-0.0232185824827302,0.0121877783635609,0.00413078174656944
-0.0228716540069351,0.0117787811813697,0.00384062359741745
-0.0225231296168133,0.0113713271237359,0.00355020782146852
-0.0221728162280346,0.0109656039682231,0.00325952205091884
-0.0218205106476587,0.0105618096708343,0.00296855913995912
-0.0214660006264657,0.0101601498977425,0.00267732009156646
-0.0211090698381422,0.00976083438505282,0.00238581509192107
-0.0207495018575929,0.00936407458444984,0.00209406277804784
-0.0203870786047368,0.00897008334074783,0.00180209253542102
-0.0200215824072993,0.00857907031000339,0.00150995006139083
-0.0196528001883726,0.00819123706167014,0.00121769879576778
-0.0192805192768395,0.00780678489575147,0.000925416444389776
-0.0189045349375939,0.00742590807518777,0.000633194351471522
-0.0185246504511196,0.00704879313583372,0.000341138071384949
-0.018140668298836,0.00667562537396299,4.93699248370741e-05
-0.017752405367387,0.0063065726321931,-0.000241967034623428
-0.0173596805138586,0.00594179858032463,-0.00053271226820033
-0.0169623183770451,0.00558145988993401,-0.000822687871999976
-0.0165601530505052,0.0052256999237918,-0.00111169554867198
-0.0161530248250311,0.00487465491232186,-0.00139951997239184
-0.0157407845734653,0.00452844507809356,-0.00168592402194046
-0.0153231379421612,0.00418730920184178,-0.00197057882961276
-0.0149000883516418,0.00385118880534831,-0.00225321166199771
-0.0144715319244103,0.0035201178942632,-0.00253349467041445
-0.0140373597647045,0.00319412424081243,-0.00281106954065367
-0.0135974627998921,0.00287322623519198,-0.00308554763317272
-0.0131517395992662,0.00255742928423241,-0.00335651650659371
-0.0127000931136502,0.00224671647567479,-0.00362352247542584
-0.0122424335015735,0.00194103875943923,-0.00388605920107838
-0.01177867645508,0.00164031649731152,-0.00414356644434058
-0.0113087416599278,0.00134444788830139,-0.00439542970713167
-0.010832553108765,0.00105330192658681,-0.00464096630633065
-0.010350049578439,0.000766714346068192,-0.00487942908709988
-0.00986117820033097,0.000484487113294229,-0.00510998475739178
-0.00936590495533251,0.000206376874453258,-0.00533170256004883
-0.00886421480750913,-6.78857918428401e-05,-0.00554355724728312
-0.00835611393739471,-0.000338570395651092,-0.00574444019066857
-0.00784163700903956,-0.00060594003187796,-0.00593315201954467
-0.00732085998821724,-0.000870251564878228,-0.00610839465941517
-0.00679391647596832,-0.00113176109095685,-0.00626875771639638
-0.00626101323134363,-0.00139071894525906,-0.00641270800763246
-0.00572245262610878,-0.00164737371364366,-0.00653857216403052
-0.00517866325796077,-0.0019019741748665,-0.00664453758666192
-0.00463021934169739,-0.00215473177004061,-0.00672867598016823
-0.00407786404856269,-0.00240578945114189,-0.00678897192525681
-0.00352253895448914,-0.0026552101831427,-0.00682332575992429
-0.00296538930794678,-0.00290287135704384,-0.00682887189199264
-0.00240792607990967,-0.0031484849839676,-0.00680314777220201
-0.00185185321200477,-0.00339167887721893,-0.00674540655019388
-0.00129898801739024,-0.00363183743746498,-0.00665428741152705
-0.000751263014023079,-0.00386818640237489,-0.0065288719418921
-0.000210616946479643,-0.00409979683858464,-0.00636880597533366
0.000321185465948796,-0.00432556236863837,-0.00617446077863021
0.000842754390291771,-0.00454421581437828,-0.00594703142695059
0.00135322920873117,-0.00475440362004615,-0.00568850606335694
0.00185235845228571,-0.00495478784588197,-0.00540152737819497
0.00234054565572355,-0.00514412276092615,-0.00508925968695989
0.00281880412063508,-0.00532130665179933,-0.00475519184696922
0.00328852539838911,-0.00548539967992545,-0.00440278018411367
0.00375123632075446,-0.00563562518936398,-0.00403520394833583
0.0042084811712697,-0.00577133384623703,-0.00365532581656566
0.00466180600157786,-0.00589200730488429,-0.0032657843710302
0.00511271366788988,-0.00599709594260095,-0.00286897945735269
0.00556267970020926,-0.00608609365338854,-0.00246719436397021
0.00601316291523151,-0.00615837503487851,-0.00206263901083092
0.00646564374199011,-0.00621316765264125,-0.00165757078464478
0.00692151033969629,-0.0062501040593188,-0.00125429407033165
0.00738214313273731,-0.00626851714254167,-0.000855202915936683
0.0078489042128711,-0.00626768002930771,-0.00046289308420743
0.0083230947788671,-0.00624686142406919,-8.02014278911359e-05
0.00880593625059524,-0.00620525168517397,0.000289712093993143
0.00929846156466708,-0.00614210782872269,0.000643388367325495
0.00980142522774582,-0.00605678561165155,0.000977080347416055
0.0103151627449612,-0.00594883176165836,0.00128688022787397
0.0108394051058116,-0.00581815598860078,0.00156906015726958
0.0113731181283577,-0.00566505378939694,0.00182056465861447
0.0119144399168123,-0.0054900651104731,0.00203954315867452
0.0124609537358598,-0.00529395358368941,0.00222544426728964
0.0130101659530819,-0.00507614489649976,0.00237592417840395
0.0135593354389635,-0.00483925309029214,0.00249411265533827
0.0141063756676514,-0.00458493704943348,0.00258192686370314
0.0146495990086929,-0.00431469803467968,0.00264122667022364
0.0151877353485864,-0.00403014455861021,0.00267424567552723
0.0157199181846555,-0.00373286922682824,0.00268339181051323
0.0162455961827193,-0.00342431364483858,0.00267099117277417
0.0167644971873772,-0.00310578657505404,0.00263930473484633
0.0172765680504092,-0.00277846249787454,0.00259048408612512
0.0177819629594098,-0.00244341858805801,0.00252660106744645
0.0182809610796876,-0.00210160068786036,0.00244956567081375
0.0187738891842978,-0.00175379077757278,0.00236105459748365
0.0192611433807435,-0.00140066370641123,0.00226261939918125
0.0197432073334989,-0.00104288179220846,0.00215580296233136
0.0202205586995805,-0.000680967633934063,0.00204194632945805
0.0206936572251683,-0.0003153628790508,0.00192225018474037
0.0211630026080989,5.35158405344438e-05,0.00179788866805619
0.0216291018342503,0.00042528634266135,0.00166996919786412
0.0220924500253891,0.000799614617361902,0.00153952817152162
0.0225535857124839,0.00117615166658862,0.00140760547585543
0.0230130652914865,0.00155455045226819,0.00127522983943204
0.0234714502676637,0.00193447832088009,0.00114343917263287
0.0239293471201968,0.0023156236456061,0.0010134797449889
0.0243874333685889,0.002697508834717,0.000886393907105843
0.024846330341327,0.00307972443750429,0.000763296118105505
0.0253066674023972,0.00346182559058716,0.000645337658583128
0.0257690922413111,0.00384331704705154,0.000533772474183867
0.0262342709295234,0.00422363625191503,0.000429944500958965
0.0267028558534109,0.00460214229859161,0.000335256320186832
0.0271755065732439,0.00497808733869867,0.000251257830619026
0.0276528447670787,0.00535062721166411,0.000179581828734113
0.028135427711406,0.00571880072689988,0.000121958903095504
0.0286237263176562,0.00608151629519602,8.02237541674645e-05
0.0291180475068045,0.00643759331816083,5.62189001297741e-05
0.0296184602881404,0.00678582950695705,5.16988568186567e-05
0.0301247553577767,0.00712506155301437,6.82060945366405e-05
0.0306364347533922,0.00745424183250379,0.000106923879398751
0.0311527360718267,0.00777253473556245,0.000168516678632167
0.0316727155006034,0.00807938897245216,0.00025300653336594
0.0321953601401021,0.00837458429451168,0.000359743285882788
0.0327196994399401,0.0086582197928894,0.000487525908763742
0.0332448885619023,0.00893064361346922,0.000634805337575863
0.0337702444838891,0.00919240675669015,0.000799823702011605
0.0342952498148689,0.00944424132443207,0.000980703133269397
0.0348195420592645,0.00968703558373042,0.00117551992104758
0.0353428990977381,0.00992178372974258,0.00138237522287276
0.0358652177485236,0.0101495379117163,0.00159944683757922
0.0363864964713413,0.0103713760794663,0.00182500518202673
0.036906802168429,0.0105883566447606,0.00205743489378194
0.0374262609528259,0.0108014966127441,0.00229525855640759
0.0379450252405014,0.0110117474878545,0.00253713956419003
0.0384632611141617,0.0112199630852673,0.00278189981349046
0.0389811308725558,0.0114268599558124,0.0030285472455428
0.0394987776339369,0.0116329962577416,0.00327629769158015
0.0400163121734109,0.0118387678920595,0.00352458535678422
0.040533805549001,0.0120444126726849,0.00377306389263049
0.0410512899770224,0.0122500314371021,0.00402158259466803
0.0415687740011998,0.012455649048687,0.00427010309157703
-0.0280293160357266,0.0174929066918266,0.00797556002768128
-0.0276845733782601,0.017074928104869,0.00769884508789442
-0.0273398190294156,0.0166569608240216,0.00742212763636962
-0.0269950227695061,0.0162390340637853,0.00714540120277761
-0.0266501415702725,0.0158211894605542,0.00686865655008175
-0.0263051179467634,0.0154034827743732,0.00659188122885151
-0.0259598733160426,0.014985990312125,0.00631505829092262
-0.0256143159806041,0.0145688011307745,0.00603816832384111
-0.0252683605800984,0.0141519982987372,0.0057611936314948
-0.0249218837370208,0.0137357020773281,0.00548410891797717
-0.0245747646129775,0.0133200298317855,0.00520689146524151
-0.0242268657744096,0.0129051142101768,0.00492951813517768
-0.0238780471880457,0.0124910910716863,0.00465196658126603
-0.0235281472342981,0.0120781178929559,0.00437421236614771
-0.0231770220918526,0.0116663359600073,0.00409623599890478
-0.0228244932106142,0.0112559220274943,0.00381801385996055
-0.0224703785285387,0.0108470572166936,0.00353952541007282
-0.0221144966613894,0.0104399229779944,0.00326075475666577
-0.0217566564844631,0.0100347128513659,0.0029816887755882
-0.0213966645448576,0.00963162423241172,0.00270231892338904
-0.021034322211671,0.00923086009116578,0.00242264376991448
-0.0206694310034062,0.00883262446002903,0.00214267255601918
-0.0203017966973884,0.00843711539364055,0.00186242574176057
-0.0199312177365205,0.00804453898269872,0.00158193411379486
-0.019557491192621,0.00765510540079577,0.00130123916556609
-0.0191804234706753,0.00726901429937326,0.00102039486715564
-0.0187998254417762,0.00688646231288713,0.00073947131160338
-0.0184155135588573,0.00650763629841526,0.000458555309564462
-0.0180272894272518,0.00613273473769738,0.000177753626823654
-0.0176349776278944,0.00576193120370703,-0.000102808045032744
-0.0172383927957983,0.0053954072376128,-0.000382985951108006
-0.016837368558143,0.00503332656371226,-0.000662622721449241
-0.0164317444929012,0.00467584598338291,-0.000941544152762416
-0.0160213707901234,0.00432310929458137,-0.00121955813097524
-0.0156061009310351,0.00397524806437533,-0.00149644519424797
-0.0151857598483755,0.00363240234802386,-0.00177193495936385
-0.0147601970755685,0.003294672556869,-0.00204572218797876
-0.0143292972642486,0.00296211837347934,-0.00231748682624344
-0.0138929978966155,0.00263474043880497,-0.00258690753687453
-0.0134511786615993,0.00231257985045305,-0.00285360444354007
-0.0130037221775518,0.00199566228657939,-0.00311716233530273
-0.012550511273701,0.0016840054356495,-0.00337713252817935
-0.0120914316518893,0.0013776088801438,-0.00363302194387107
-0.0116263740997608,0.00107644980951286,-0.00388428805148501
-0.0111552345901955,0.000780483248509378,-0.00413033461771273
-0.0106779197609318,0.000489634756166455,-0.00437050752180044
-0.0101943449165945,0.00020380440971861,-0.00460408476277796
-0.00970443441900364,-7.71262119787721e-05,-0.00483028163173379
-0.00920812861061513,-0.000353299320618278,-0.00504823774410166
-0.00870538520178794,-0.000624872707132848,-0.00525701604822278
-0.00819617864439648,-0.00089201910090948,-0.00545558203889788
-0.00768050856683757,-0.00115492684104337,-0.00564278726654686
-0.00715841116315378,-0.0014137939381439,-0.0058173679651653
-0.00662997314706854,-0.0016688316852949,-0.00597792688110141
-0.00609535253716057,-0.00192028557752012,-0.00612289348375402
-0.00555480277490791,-0.00216842639373355,-0.00625052293196416
-0.00500869491515431,-0.00241351426190096,-0.00635892159256486
-0.00445754195024452,-0.00265575353850175,-0.00644610502992948
-0.0039020231289005,-0.00289527922910846,-0.00650998323009295
-0.00334302582786898,-0.00313216379800457,-0.00654838473612366
-0.00278166309310522,-0.0033663553999381,-0.00655860501791475
-0.00221942329474928,-0.00359763201891226,-0.00653737164315853
-0.00165811704256158,-0.0038258285203901,-0.00648396089851949
-0.00109967971781017,-0.0040504960774856,-0.00639676510529447
-0.000546176617767785,-0.00427098281066455,-0.00627469656413372
3.236391547978e-07,-0.00448643180964596,-0.00611732117478703
0.00053790349984627,-0.00469581302682129,-0.00592495486698512
0.00106496251649957,-0.00489797180401813,-0.00569870333334049
0.00158037614938302,-0.00509170326274422,-0.00544044428693985
0.00208366248597124,-0.00527581074994337,-0.00515281071767489
0.00257505428300689,-0.00544916445103041,-0.00483903181682004
0.00305544355853281,-0.00561076565696622,-0.00450268328390607
0.00352614978136926,-0.00575979264518304,-0.0041473236072312
0.003988681750911,-0.00589559046425334,-0.00377624191223546
0.0044446143361203,-0.00601763695854382,-0.00339241221532816
0.00489553077259009,-0.00612548113255719,-0.00299852135805634
0.00534300034524211,-0.00621870503606684,-0.0025970322472404
0.00578857357210959,-0.00629689236725981,-0.00219025276381343
0.00623380509423272,-0.00635946127452524,-0.00178040609012475
0.00668029151613944,-0.00640586137973395,-0.00136978003508264
0.007129595314498,-0.00643564390967293,-0.000960698674800092
0.00758327341977595,-0.0064481366895516,-0.00055558681205092
0.0080428745421,-0.00644257591499153,-0.000157074888969298
0.00850989951926282,-0.00641813157775549,0.000231945892624465
0.00898576213592105,-0.00637391439244202,0.000608253138010953
0.00947169888278536,-0.0063090624837165,0.000968276898943522
0.00996866643167169,-0.00622281130541669,0.00130810696251222
0.0104771920621035,-0.00611463492524077,0.00162361711015059
0.0109971316945362,-0.00598437082417112,0.00191086210935401
0.0115274068663295,-0.00583222607575537,0.00216676468619949
0.0120660227829847,-0.0056586552756557,0.00238958481619988
0.0126104675261557,-0.00546430460036978,0.00257875238240632
0.0131581964303854,-0.00524868826127393,0.00273207379472903
0.0137063827010721,-0.00501412063540526,0.00285222198578028
0.0142528470537613,-0.00476238343947914,0.0029413066233793
0.0147958283872739,-0.00449497706907031,0.00300123268274612
0.0153339593929779,-0.00421343311802485,0.00303419469926519
0.015866284764571,-0.00391928455488965,0.00304259327855453
0.0163921687371177,-0.00361393000375033,0.00302877290355104
0.0169113044963207,-0.00329868450065589,0.00299511260813261
0.0174235664157096,-0.00297467318164121,0.00294376632816673
0.0179289655051064,-0.00264283659715752,0.00287664466721064
0.0184277843893713,-0.00230414399456115,0.0027958189703607
0.0189203142256336,-0.0019593570556853,0.00270302010455722
0.0194068765369451,-0.00160909976268106,0.00259976550633794
0.0198878979412242,-0.00125396523259763,0.00248755103349311
0.0203638640124847,-0.000894499700954425,0.00236779441629456
0.0208352429545821,-0.000531151859383261,0.00224175092447184
0.0213025032734872,-0.000164309889639263,0.00211057481232857
0.0217661557398127,0.000205650131586855,0.00197539717641018
0.0222267155435054,0.000578384931773251,0.00183728865383501
0.0226847099336514,0.000953568518329981,0.0016972843007577
0.0231406915399098,0.00133087297009773,0.00155640727019422
0.0235952207450257,0.0017099778475012,0.00141566926280097
0.0240488768342201,0.00209057329808648,0.00127614145583604
0.0245023171031377,0.00247231174975982,0.00113905628870982
0.0249562016643284,0.0028547432974437,0.00100541927265945
0.0254111627372478,0.00323746331874195,0.00087635424852041
0.0258678497786432,0.00362002338225905,0.000753060212794487
0.0263268985316047,0.00400193482897346,0.000636748369954845
0.02678897735794,0.0043826331285478,0.000528796124136255
0.0272547495374011,0.00476147044609364,0.000430665610998445
0.0277248426449585,0.00513771197686492,0.000343870457834108
0.0281998715878547,0.00551049538629814,0.000270094499937903
0.0286803710377092,0.00587884908514203,0.00021108023923451
0.0291667705822044,0.006241674358612,0.000168651374299067
0.0296593385916191,0.00659777717161294,0.000144663103937995
0.0301580665694411,0.00694598062673461,0.000140766517581665
0.030662640137176,0.00728520874476501,0.00015830052527476
0.0311724494808014,0.00761456921383354,0.000198139416291073
0.0316866624611859,0.00793340502035169,0.000260596335046886
0.0322043188344288,0.00824135560482191,0.000345331624733125
0.0327244371606167,0.00853839504068223,0.00045136320303863
0.03324611441826,0.00882479623552083,0.000577239757413086
0.0337685869575708,0.00910106751336033,0.000721234256467947
0.0342912478753385,0.00936793093604058,0.000881442504760676
0.0348136489048176,0.00962627317371635,0.0010558868179854
0.0353354938042383,0.00987707644514749,0.00124260654536744
0.0358566152153012,0.0101213714717509,0.0014397165076995
0.0363769528563022,0.0103602058144475,0.00164542367929205
0.036896530782627,0.0105946040412582,0.00185805253923163
0.0374154302328995,0.0108255476726025,0.00207606135589918
0.0379337663059476,0.0110539444222157,0.00229806300918784
0.0384516733394738,0.0112805790650976,0.00252285755560544
0.0389692863580921,0.0115060915709903,0.00274945224316771
0.0394867224534694,0.0117309774461481,0.00297707220920619
0.0400040712146266,0.0119555759760793,0.00320517413967666
0.0405213894609671,0.0121800775603337,0.00343344070599243
0.0410387018840886,0.0124045594684348,0.00366173982274417
0.0415560139316741,0.0126290400217384,0.00389004112268016
-0.0274910923493222,0.0183849371782775,0.0079450529751509
-0.0271718545418781,0.0179405741338425,0.00766981851633538
-0.0268526065906001,0.0174962199091062,0.0073945815842603
-0.0265333275742411,0.0170518924529503,0.007119337471844
-0.0262139780480751,0.0166076250597931,0.00684407820552217
-0.0258944959980172,0.016163469785506,0.00656879178685336
-0.0255748050832466,0.0157194907873792,0.00629346349792326
-0.0252548133578781,0.0152757658821919,0.00601807505205699
-0.0249344138784289,0.0148323854998886,0.00574260584037154
-0.0246134847927822,0.014389452373381,0.00546703366373319
-0.0242918901054548,0.0139470820434974,0.00519133356639966
-0.0239694759561376,0.0135054051369267,0.00491547897196666
-0.0236460720371453,0.0130645655354481,0.00463944390453465
-0.0233214925571637,0.0126247203707221,0.00436320269346047
-0.0229955404614675,0.0121860369872485,0.00408673076362709
-0.0226680055556222,0.0117486953184482,0.00381000449648085
-0.0223386698440943,0.0113128831240841,0.00353300335806997
-0.0220073039194507,0.0108787976950572,0.00325571314388121
-0.0216736735451859,0.0104466389494988,0.00297812986130841
-0.0213375388687849,0.0100166118880064,0.00270025857413954
-0.0209986554370869,0.00958892820811379,0.00242211067871412
-0.0206567740292209,0.00916380749869019,0.00214370359833585
-0.0203116380579389,0.00874147996483303,0.00186506267763172
-0.0199629844524563,0.00832218359137961,0.00158622523634076
-0.0196105464857818,0.00790615952432078,0.00130724499407968
-0.0192540512517184,0.00749365665387092,0.00102819314129462
-0.0188932192739524,0.00708493431934858,0.000749154158875659
-0.018527773364984,0.00668025960209054,0.000470221814111201
-0.0181574397002487,0.00627990683858124,0.000191500537172464
-0.0177819522517036,0.00588414836654401,-8.68855648436031e-05
-0.0174010548191729,0.00549324778831952,-0.000364785001143981
-0.0170145089538829,0.00510744920942549,-0.000642014293653743
-0.0166220927256565,0.00472697977026255,-0.000918360687094025
-0.0162236043402721,0.00435204676567715,-0.00119358415381883
-0.0158188592490715,0.00398283680774675,-0.00146741331751344
-0.0154076846145037,0.00361952337167036,-0.00173954841767484
-0.0149899322326187,0.00326224614357347,-0.00200965372022955
-0.0145654687203716,0.00291111932139963,-0.0022773555672595
-0.014134081276784,0.00256631190475991,-0.00254219140176232
-0.0136956389348316,0.00222789879652867,-0.00280366571429618
-0.0132501744209397,0.00189579198791608,-0.00306132281803867
-0.0127976093570334,0.00156999338784559,-0.00331461643592801
-0.0123378771987936,0.00125048508407697,-0.00356296105783384
-0.0118709274858468,0.000937220250786538,-0.00380572453073039
-0.0113967234907617,0.000630112047330647,-0.00404220455695608
-0.0109152405785736,0.000329032552847072,-0.00427161598580519
-0.0104264737302751,3.38003079335142e-05,-0.00449307835544535
-0.00993043555520338,-0.000255813578237302,-0.00470560313546978
-0.00942715891328543,-0.000540072569737781,-0.00490809273432333
-0.00891670071406697,-0.000819261392805686,-0.00509933579477209
-0.00839915514827593,-0.00109367957427968,-0.00527800873690379
-0.00787466991494719,-0.00136363526764693,-0.00544267995667583
-0.00734346213602523,-0.00162944429272561,-0.0055917973771652
-0.00680583510585376,-0.00189142091141775,-0.00572367912572423
-0.00626219986774854,-0.00214985931223652,-0.00583652600492889
-0.00571309726157392,-0.00240501978854109,-0.00592841235154867
-0.00515922459296294,-0.0026571039702011,-0.00599730995628509
-0.00460146935461468,-0.0029062453565634,-0.00604111178196664
-0.00404091294624018,-0.00315243929405889,-0.00605687172421611
-0.00347905848705157,-0.0033956507882881,-0.00604203015174503
-0.00291768856145343,-0.00363580792163233,-0.00599531089100722
-0.002358758727003,-0.00387259810962515,-0.00591491934405689
-0.00180441009218228,-0.00410552567305834,-0.00579948933415488
-0.00125685068598306,-0.00433389185288348,-0.00564825952731638
-0.000718188211611147,-0.00455680372877876,-0.00546123536740223
-0.000190217996742625,-0.0047731871419076,-0.00523929626663999
0.00032572992532493,-0.00498186012005612,-0.00498412882706725
0.000828897797957112,-0.00518163216274946,-0.00469810304854478
0.00131918020398286,-0.00537137560123396,-0.00438415245040786
0.00179714698216552,-0.00555009367064842,-0.00404562860371429
0.00226385243574686,-0.00571692186268386,-0.00368592990915145
0.00272062629742659,-0.00587117078572564,-0.00330827615295423
0.00316891688318614,-0.00601230794291721,-0.00291560141855765
0.00361021885540697,-0.00613989272364619,-0.00251055095763204
0.00404605220662576,-0.00625355319924438,-0.00209554394196826
0.00447793386947652,-0.00635292108591945,-0.0016728024604688
0.00490737386749513,-0.00643761203249328,-0.00124441160541581
0.00533586562662675,-0.0065072088692175,-0.000812365478761377
0.00576489796307185,-0.00656128415876025,-0.000378634712900268
0.00619598186017692,-0.00659934048816342,5.47665779253283e-05
0.00663076276321468,-0.00662050571241227,0.000485619460636855
0.00707088744991092,-0.0066242463564449,0.000911507763696807
0.00751800244763652,-0.0066099976540587,0.00132979845085101
0.00797379042521557,-0.00657701396491776,0.00173749623210795
0.0084398799427256,-0.00652451154453561,0.00213120246543837
0.00891777741286346,-0.0064516759975522,0.00250703373398056
0.00940871831994133,-0.00635777934160281,0.00286063557453119
0.00991344581755265,-0.00624231522956509,0.00318734152878893
0.0104319021995614,-0.0061051566363985,0.00348262735185453
0.0109629397360942,-0.00594654128960031,0.00374280984373501
0.0115045049281851,-0.00576629393172707,0.0039644907684608
0.0120536518749243,-0.0055638052299171,0.00414436887789293
0.0126063432716182,-0.0053419257913216,0.00428627227716212
0.0131596435967296,-0.00510182990495007,0.00439128351609824
0.0137109598174783,-0.00484489840004462,0.00446115799656753
0.0142581843883687,-0.00457273578045007,0.00449837333432577
0.0147997261949591,-0.00428696481236911,0.00450565372245681
0.0153345222233124,-0.00398920379107187,0.00448593812643687
0.0158615299812311,-0.00368044738670913,0.00444100365955087
0.0163808162376979,-0.00336255904840935,0.00437488875693677
0.016892488615435,-0.00303677933149268,0.00429040409695277
0.0173967376896405,-0.00270406191624444,0.00418983391938978
0.0178939090895854,-0.00236524974214797,0.00407530303557396
0.0183843739039689,-0.00202102475209737,0.00394861806995843
0.0188686131184316,-0.00167200735482645,0.00381149728019916
0.0193471226273047,-0.00131871974528959,0.00366546204661621
0.0198204469240149,-0.000961634912442212,0.00351193694212102
0.0202890045739533,-0.000601061354256778,0.00335204976821861
0.0207536276218596,-0.000237573931966332,0.00318735085976593
0.0212144943500356,0.000128784411558608,0.00301850602116421
0.0216722286399703,0.000497678243249817,0.00284668695865351
0.022127493392866,0.000868753278925852,0.00267301630258403
0.0225808865833366,0.00124171041755714,0.00249848317975855
0.0230329811012748,0.00161627373340686,0.00232401993982872
0.0234843476898894,0.00199216966268024,0.00215054111000628
0.0239355561660119,0.00236912329944922,0.00197895867640506
0.0243871769556737,0.00274684899958579,0.00181018645702583
0.0248397800484625,0.00312504575771697,0.00164514524269234
0.025293943112046,0.00350338868626093,0.00148480368442327
0.0257502555379897,0.00388152467255461,0.00133018684057293
0.0262092958611331,0.0042590646307754,0.00118234739824848
0.0266716269538215,0.00463558665952755,0.00104237695681882
0.0271377690116223,0.00501063497902562,0.000911371352661068
0.027608282046377,0.00538367427739297,0.000790638039648495
0.0280836401340684,0.00575412002743408,0.000681413797676135
0.0285645197746434,0.00612113891603654,0.000585620150891399
0.0290510155196048,0.00648414544140146,0.000504003433215159
0.0295433183265821,0.00684241484774392,0.000437808392230368
0.0300414733148692,0.00719521921835831,0.000388219676070372
0.0305453268103871,0.00754189463687987,0.000356201166138878
0.0310545312560759,0.00788187946866908,0.000342407254848977
0.0315685779232897,0.00821474367562731,0.000347096642170697
0.0320868367501092,0.00854023399945617,0.000370073177390333
0.0326086114870804,0.00885830748601041,0.000410667436670457
0.0331332120274085,0.00916911660432582,0.000467812804943017
0.0336600058403553,0.00947298199473685,0.000540167425155014
0.0341884445627066,0.00977035804392637,0.000626241676097506
0.0347180739677533,0.0100618009200396,0.000724475405623212
0.0352485313818932,0.0103479553915861,0.000833257425390439
0.0357795418774125,0.0106295014651818,0.000951021781947958
0.0363109009132691,0.0109071515772853,0.0010762484476635
0.0368424615853879,0.0111816207808602,0.00120750466183018
0.0373741241255276,0.0114536060779885,0.00134344547116271
0.0379058293254161,0.0117237405369086,0.0014828724453103
0.0384375458300078,0.0119925894671252,0.0016247245264443
0.0389692614167529,0.0122606296550427,0.00176810467723746
0.0395009746357654,0.0125282326915353,0.00191230890475464
0.0400326876867707,0.0127956509957353,0.00205685636762482
0.040564401138281,0.0130630166996004,0.00220149967262493
0.0410961146832828,0.0133303751700241,0.00234615600551722
-0.0265599333726188,0.0203431320698459,0.00787885106757772
-0.0263222418893734,0.0198051926843177,0.00766118035003193
-0.0260845433032634,0.0192672570904967,0.00744350801819351
-0.0258468156300662,0.0187293369371177,0.00722582929400564
-0.0256090056379016,0.0181914600673807,0.00700813353052812
-0.025371031927313,0.0176536685753838,0.00679040574534955
-0.0251327782561579,0.0171160219754241,0.00657262631005594
-0.0248941072013216,0.0165785903698752,0.00635477325826297
-0.0246548508629232,0.0160414597375373,0.00613681999639204
-0.0244148176899269,0.0155047282324751,0.00591873774078376
-0.0241737868675024,0.0149685089357355,0.00570049600363659
-0.0239315065566294,0.0144329313054421,0.00548206247538463
-0.0236876964095198,0.0138981392041181,0.00526340693828508
-0.023442054819195,0.0133642875911718,0.0050445035702677
-0.0231942639906019,0.0128315403475594,0.00482533280960588
-0.0229439921099989,0.0123000711334003,0.00460587922539707
-0.0226908956581653,0.0117700629041538,0.00438613295960915
-0.0224346184010192,0.0112417075960376,0.00416609428567108
-0.0221747902936589,0.0107152077620161,0.00394577412317025
-0.0219110300695025,0.0101907759835013,0.00372519595067918
-0.0216429461137337,0.00966863616445566,0.00350439541122778
-0.0213701398008291,0.00914902307240103,0.0032834210444043
-0.0210922128565421,0.00863218046366723,0.00306233342693932
-0.020808770602907,0.00811835873740266,0.00284120982794747
-0.0205194281500041,0.00760781297081806,0.00262014351551964
-0.0202238150200783,0.00710080357837819,0.0023992387903878
-0.0199215696006153,0.00659760277109406,0.00217860499510954
-0.0196123389293419,0.00609849542101357,0.00195835790539167
-0.0192957847600836,0.00560376936393879,0.00173863549430169
-0.0189715918841341,0.00511370691529927,0.00151960603420098
-0.0186394742144961,0.00462858054606649,0.00130146805556065
-0.018299174923315,0.00414864946518779,0.00108445586659185
-0.0179504648915255,0.00367415775915073,0.000868843833963664
-0.0175931462941514,0.00320533103131233,0.000654945426453681
-0.0172270505893636,0.0027423740527772,0.00044311893492347
-0.0168520322985699,0.00228546907870298,0.000233779587222895
-0.0164679684278567,0.00183477593810756,2.73996192371811e-05
-0.0160747597603117,0.00139043578631183,-0.000175502115429333
-0.0156723272024222,0.000952572047864069,-0.000374353775452714
-0.0152606070173918,0.000521289821865284,-0.000568515811171823
-0.0148395526635062,9.66786792781653e-05,-0.000757284052471454
-0.0144091357423591,-0.000321180908732282,-0.000939896600422783
-0.0139693419514507,-0.00073221131779789,-0.00111552587825523
-0.0135201713465046,-0.00113633389476875,-0.00128326973389693
-0.0130616402940512,-0.00153345773504295,-0.00144215881797911
-0.0125937858915062,-0.001923471065683,-0.00159116061932831
-0.0121166728198544,-0.00230623705300182,-0.00172917503529762
-0.0116303979067204,-0.0026815831497497,-0.00185503473174182
-0.0111350989519307,-0.00304928955108759,-0.00196751758605303
-0.0106309632993536,-0.00340908116068167,-0.00206534356812055
-0.0101182385466765,-0.00376062329767401,-0.00214715752080419
-0.00959725029373338,-0.00410351997812791,-0.00221151893892034
-0.00906842182262657,-0.00443730881009788,-0.00225690471979774
-0.00853229329084156,-0.00476144925795269,-0.00228174078439014
-0.00798953771808379,-0.00507531035592615,-0.00228443273609351
-0.00744097939609208,-0.00537816747099638,-0.00226339373002267
-0.0068876207126493,-0.00566922194418385,-0.00221707101585394
-0.00633065346425246,-0.00594761486234378,-0.00214402064054753
-0.00577144204649974,-0.0062124315678343,-0.00204302204700123
-0.0052114986797755,-0.00646272239382734,-0.00191314423659635
-0.0046524609810958,-0.00669755568737432,-0.00175378011408436
-0.00409604201195614,-0.0069160560302259,-0.00156469752298478
-0.00354393986466839,-0.00711740356418922,-0.00134610540361465
-0.00299775022542693,-0.00730084344270557,-0.00109867728704215
-0.00245940211673544,-0.00746472834791723,-0.000822052415099191
-0.00192972763334012,-0.00760975564889531,-0.000519450617050403
-0.0014096518050954,-0.00773572580288041,-0.000192677761239496
-0.000899831704370071,-0.0078426063814089,0.0001562814343939
-0.000400686813284858,-0.00793054303581811,0.000525373133257635
8.75692059791648e-05,-0.00799982014525928,0.000912562174424214
0.000564935013126916,-0.00805083943267348,0.00131584358375223
0.00103161734239575,-0.00808408705841165,0.00173324997616628
0.00148797409496146,-0.00810001922447566,0.00216292794057316
0.00193458251557574,-0.00809917715413935,0.00260303201938314
0.00237214964582698,-0.00808206818512565,0.00305181433591301
0.00280151819368181,-0.00804922428223506,0.00350759936387371
0.00322360684802975,-0.00800113827517312,0.00396880833626444
0.00363935726483618,-0.00793817787133464,0.00443397598902387
0.00404979748678379,-0.00786070006107368,0.00490166790602115
0.00445601280000095,-0.00776899120299208,0.00537047851910516
0.00485917054630515,-0.00766330758399424,0.00583898982729673
0.00526053620638352,-0.00754386435640503,0.00630573221731916
0.00566151493714089,-0.00741088003332384,0.00676913317969371
0.00606370313949234,-0.00726463386900639,0.00722746011141115
0.00646892708546379,-0.00710551868564675,0.00767876706796935
0.00687923850468726,-0.00693406796804853,0.00812085733521193
0.00729686026117416,-0.00675096706265826,0.00855126621442947
0.00772409527710788,-0.00655706033837925,0.00896725780672413
0.00816321295963681,-0.00635335289576286,0.0093658291079058
0.0086163221927404,-0.00614093334251523,0.009743675056284
0.00908646548179883,-0.00592032486582385,0.0100950527912875
0.00957269974670077,-0.0056931961001894,0.0104192186150623
0.0100741754168388,-0.0054598955076434,0.0107144235192972
0.0105891551268799,-0.00522031112671922,0.0109798395043607
0.0111156503447382,-0.00497427397751352,0.0112151167288356
0.0116517870912688,-0.00472161325296984,0.0114197247577499
0.0121962379507245,-0.00446172321469951,0.0115905539757528
0.0127462554141466,-0.00419568318474681,0.0117312165880346
0.0133001761198548,-0.00392435213503368,0.0118439092391564
0.0138567812125422,-0.00364794981585506,0.011926653222696
0.0144147451303849,-0.00336749124108944,0.011983067289613
0.0149729587726351,-0.00308415622315808,0.01201868223458
0.0155302467140989,-0.00279682392878868,0.0120216205860138
0.0160868315802553,-0.00250809433384806,0.012012071269532
0.0166408199573091,-0.00221667525159041,0.0119748775279498
0.0171926002606385,-0.00192380063111692,0.0119205326107905
0.0177415824658823,-0.00162951758962121,0.0118479199755199
0.0182879659815706,-0.00133430014076368,0.01176096463601
0.0188307786961318,-0.00103808880571972,0.0116569516737656
0.0193716295361035,-0.000741435288213818,0.0115443702743751
0.0199068767144843,-0.00044379475895552,0.0114098124815547
0.0204406318071512,-0.000145919730795399,0.0112696963381662
0.0209709598792026,0.000152336845426772,0.0111181023008837
0.0214991279241601,0.000450825471365689,0.0109593589202842
0.0220256411757392,0.000749481704745347,0.0107955267620815
0.0225475288127373,0.00104850449796619,0.0106181158320467
0.0230650003582699,0.00134784564201613,0.0104287520765649
0.0235818224128399,0.00164723338553648,0.0102376539134988
0.0240984951447477,0.00194663012539399,0.0100461782245746
0.0246105687057198,0.00224630527986466,0.00984312213683594
0.0251213138294277,0.00254605951911696,0.00963686950124723
0.025629673970528,0.00284594818294602,0.00942499255980662
0.0261363682988098,0.00314593019516186,0.00920929294936854
0.0266412498972288,0.00344601873760947,0.00898952500613753
0.0271452878963983,0.00374615556491636,0.00876789959979632
0.0276475933517424,0.00404639371545182,0.00854250746207287
0.028148597919912,0.00434670821093309,0.00831433605399491
0.0286486461191645,0.00464707757384384,0.00808415289762411
0.0291477243650743,0.00494750370213065,0.00785194293132755
0.0296460887473853,0.00524797045375545,0.00761825705199007
0.0301439498589265,0.00554846696041191,0.00738353958424511
0.0306410930364627,0.00584900636411858,0.0071473600002951
0.0311376350077676,0.00614957948164771,0.00690996115418206
0.0316340450460016,0.00645015951151537,0.00667229482385212
0.0321301925542299,0.0067507489540796,0.00643409300856981
0.0326261646978891,0.00705133995473062,0.0061955280378323
0.0331220892526894,0.00735192341135959,0.0059568546491766
0.0336180328044766,0.00765249554891862,0.0057182064814093
0.0341140727478066,0.00795304788857731,0.00547973377750197
0.0346102412143112,0.00825357997931135,0.00524150306537949
0.0351065469394504,0.0085540952329095,0.00500353718361564
0.0356029763609221,0.00885460018680852,0.00476581644657597
0.0360995043186185,0.00915510071204313,0.00452829597103154
0.0365960987751707,0.00945560124871168,0.00429091456025337
0.0370927291095394,0.00975610418034427,0.00405361124492415
0.0375893731808062,0.0100566096740345,0.00381633992407072
0.0380860201365387,0.0103571164656447,0.00357907628474759
0.0385826673098038,0.0106576236087397,0.00334181354594538
0.039079314483069,0.0109581307518347,0.00310455080714316
0.0395759616563341,0.0112586378949297,0.00286728806834095
-0.0272848355112479,0.0204224608841111,0.00787369391187434
-0.0270605242899404,0.01987169696287,0.00769332448689873
-0.026836196462195,0.0193209407554096,0.00751295216076228
-0.0266118079422292,0.0187702125633803,0.00733256978691039
-0.0263872819210271,0.0182195475621306,0.00715216559939614
-0.0261625124514303,0.0176689939601929,0.00697172457967259
-0.02593735762343,0.0171186159075266,0.00679122849220251
-0.0257116411672659,0.0165684929062875,0.00661065639695318
-0.0254851572733032,0.0160187177935312,0.00642998583178178
-0.0252576718507087,0.0154693960646499,0.00624919468103739
-0.0250289233666003,0.0149206457322144,0.00606826236065705
-0.0247986299747177,0.0143725946163081,0.00588717096012556
-0.0245664971897722,0.0138253770704911,0.00570590790215047
-0.0243322152119749,0.0132791355403367,0.00552446692160461
-0.0240954652820709,0.0127340180985623,0.00534284971638745
-0.0238559230569127,0.0121901776266802,0.00516106677422281
-0.0236132626610747,0.0116477707810205,0.00497913748873958
-0.0233671583877699,0.0111069579159087,0.0047970906299169
-0.0231172891999128,0.0105679017863017,0.00461496387314176
-0.022863343571736,0.0100307647257418,0.00443280741352534
-0.0226050259007019,0.00949570485797892,0.00425068725418628
-0.0223420530570677,0.00896287839349505,0.00406868376105146
-0.0220741490531224,0.00843244362645944,0.00388688838990594
-0.021801043341339,0.00790456156111348,0.00370540560225981
-0.0215224693135344,0.00737939751210462,0.00352435145700051
-0.0212381465634899,0.00685713204899368,0.00334385383634106
-0.0209477800760601,0.0063379618971912,0.00316405315086827
-0.0206510664459566,0.00582209995701506,0.00298509896927354
-0.0203476958189224,0.00530977677889525,0.00280714768401023
-0.0200373602098644,0.00480123521461366,0.0026303684129583
-0.0197197631663011,0.00429672398743807,0.00245494818239635
-0.0193946292836654,0.00379649156612968,0.00228109405024382
-0.0190617057385966,0.00330078434485145,0.00210903234365653
-0.0187207646328765,0.00280985013984803,0.00193900712780765
-0.0183716017804906,0.00232393273108091,0.00177127698401696
-0.0180140394425949,0.0018432755719864,0.00160611114600835
-0.0176479247922444,0.00136812072638695,0.00144378991697022
-0.017273132878061,0.000898703803881735,0.0012846140702208
-0.0168895653652403,0.000435252059926541,0.00112890637462069
-0.0164971446273856,-2.20108042857561e-05,0.000977013741691104
-0.0160958124069989,-0.000472865347546926,0.000829312294649735
-0.0156855331253811,-0.000917098334268803,0.000686205317341231
-0.0152662876245208,-0.00135449667888767,0.000548126385379961
-0.0148380651123523,-0.00178484079979571,0.000415545804471218
-0.0144008678093956,-0.00220790521726606,0.000288969949982517
-0.0139547117002511,-0.00262345643179016,0.000168943161648727
-0.0134996260325675,-0.00303124929757276,5.60518983156567e-05
-0.0130356567271147,-0.0034310262089552,-4.90716917741318e-05
-0.0125628641675568,-0.00382251083013279,-0.000145747060862172
-0.0120813271245344,-0.00420539482041214,-0.000233245445964891
-0.0115911410851815,-0.00457933820240026,-0.000310796753813422
-0.0110924277562023,-0.00494396082570676,-0.00037758718579103
-0.0105853375342661,-0.00529883609912432,-0.00043275102489726
-0.0100700584299303,-0.00564348693999025,-0.000475373239211185
-0.0095468326470492,-0.00597739112344751,-0.000504501998426014
-0.00901596719660322,-0.00629998076888876,-0.000519147438867518
-0.00847783798622182,-0.00661062939504145,-0.00051829166449482
-0.0079329006041399,-0.00690864943686197,-0.000500908611896959
-0.00738171128198189,-0.00719331200662944,-0.000465977269310436
-0.00682494073226409,-0.00746386143777578,-0.000412500881223636
-0.00626337528309356,-0.00771951408430077,-0.000339534603303642
-0.00569791824432011,-0.00795946720903523,-0.000246215826150222
-0.00512959000624301,-0.00818291733144007,-0.000131792430900662
-0.00455952319687423,-0.00838908261482353,4.35258466235832e-06
-0.00398894738990137,-0.00857721771719607,0.000162673380427777
-0.00341916896238049,-0.00874664383416452,0.000343428039267135
-0.00285154747981588,-0.00889677976985641,0.00054666430555854
-0.00228746279922229,-0.00902715834693453,0.000772212799279783
-0.00172826540557314,-0.00913746956858624,0.00101964243086718
-0.00117523714117563,-0.00922753106806344,0.00128829673895869
-0.000629682977199154,-0.00929697135667297,0.00157760362051724
-9.27221692161529e-05,-0.00934575827251962,0.00188653218266696
0.000435134845159095,-0.00937484950712742,0.00221309367829406
0.000953390465924185,-0.00938470844173769,0.00255576255122422
0.00146180018328958,-0.009375898307547,0.00291289545574527
0.00196039079037926,-0.00934906589803019,0.00328274549591315
0.00244943175993057,-0.00930488818537164,0.00366352477255975
0.00292942674165401,-0.00924406208171531,0.00405341873076281
0.00340106605231579,-0.0091672779010971,0.00445063459436903
0.00386518139265437,-0.00907518749596162,0.0048534300718121
0.00432274477687837,-0.00896841401927391,0.00526008769906418
0.00477484986709414,-0.0088475289813086,0.00566890230659958
0.00522270500852097,-0.00871307269574681,0.00607816230707483
0.00566763999315921,-0.00856557292097071,0.00648611613496256
0.00611112619827533,-0.00840557818710859,0.00689092761433019
0.00655479912884254,-0.00823370086451874,0.00729062951698059
0.00700046950361802,-0.0080506826906954,0.00768309185785832
0.0074500840247765,-0.00785743728835053,0.00806602711417394
0.00790563177661341,-0.00765505341117837,0.00843702937387336
0.00836900816101362,-0.00744474851837643,0.00879363618835681
0.00884183018347551,-0.00722776702392969,0.00913343713161021
0.009325226786597,-0.00700523720768689,0.00945424211068093
0.00981962602355948,-0.00677798949034474,0.00975432802692638
0.0103248383161531,-0.00654632849212894,0.0100322451959975
0.0108402210820648,-0.00630999249305896,0.0102865400030017
0.0113638286925946,-0.0060690480509384,0.0105187158189442
0.0118944141614501,-0.00582335590748038,0.0107289739196079
0.0124308680225997,-0.00557287025575642,0.0109175786593651
0.0129721501892928,-0.00531770350362137,0.0110848938808641
0.0135173496557497,-0.00505809403763972,0.0112313999448722
0.0140657365373628,-0.00479425263772155,0.0113570020621676
0.0146165543215446,-0.0045265258438808,0.011462167149221
0.0151693096142288,-0.00425474069476514,0.0115443429475442
0.0157227238755408,-0.00398104925584107,0.0116149419679602
0.0162766080821016,-0.00370403882448059,0.011663663158664
0.0168307069571876,-0.00342435544588854,0.0116943420566098
0.0173847316983114,-0.00314423225494687,0.0117217180640189
0.0179380864053833,-0.00286182379641829,0.0117314470485197
0.0184900414232011,-0.00257658936645242,0.011718160638953
0.019041996441019,-0.00229135493648656,0.0117048742293864
0.0195934183341581,-0.00200553256917507,0.0116861572717816
0.0201426349010516,-0.00171748210724856,0.0116465201456035
0.0206905642898629,-0.00142847649854506,0.0115971911787786
0.0212369750215517,-0.00113851504064619,0.0115376785830439
0.021782298144969,-0.000847967529012569,0.0114716314633775
0.0223261574393407,-0.000556679540855566,0.0113971789966615
0.0228690404893388,-0.000264940931277625,0.0113174784039077
0.0234103225114474,2.74681341122435e-05,0.01122975810734
0.0239503381983172,0.000320370335815904,0.0111360823628372
0.024489288391526,0.000613667688695397,0.0110376056118541
0.0250269713990451,0.000907413043991129,0.0109336911015241
0.0255637503789232,0.00120146793936067,0.0108260411094655
0.0260992615783273,0.00149594745936212,0.0107133586226001
0.0266341228669847,0.00179064657352731,0.0105981920713622
0.0271680014954864,0.00208568457302118,0.0104793897067907
0.0277011150381608,0.00238099857966332,0.0103578656699432
0.0282334229699617,0.00267661556811563,0.010233576306941
0.028765089940695,0.00297248489584674,0.0101071616170578
0.0292960178544729,0.00326866442631887,0.00997838876749375
0.0298264110344603,0.00356508025211115,0.00984796596893776
0.0303562071747075,0.00386177526133155,0.00971576358895957
0.0308855122846843,0.00415871377219975,0.00958214862071198
0.0314144066404535,0.00445586772843589,0.00944739042777212
0.031942843378985,0.00475327573625169,0.0093114035673688
0.032470969076012,0.0050508661016451,0.0091746093741663
0.0329987545914717,0.00534866613547542,0.00903696135176121
0.0335262624028569,0.00564664490716069,0.00889863689780883
0.0340535315652872,0.00594478335947998,0.00875974773741102
0.0345805990344983,0.00624306338682858,0.00862039780742817
0.0351075021981897,0.00654146619361723,0.00848068975426277
0.0356342676678238,0.0068399792210519,0.00834069814695352
0.0361609254379167,0.00713858526947871,0.00820049985411237
0.0366875018342862,0.00743726751637848,0.0080601582710907
0.0372140199914636,0.0077360095038085,0.00791972535451973
0.0377405008073228,0.00803479398833261,0.00777924285625805
0.03826695797075,0.00833360798189235,0.00763873448415104
0.038793403216016,0.0086324378535182,0.00749821522581056
0.0393198441072498,0.00893127386522582,0.00735769271318374
0.0398462849984837,0.00923010987693344,0.00721717020055693
0.0403727258897176,0.00952894588864107,0.00707664768793011
